day,asset_a,asset_b
1,100.0,80.0
2,98.26,79.37
3,99.83,79.89
4,97.94,78.82
5,98.74,80.17
6,97.04,78.21
7,98.16,79.25
8,100.52,81.4
9,100.46,81.19
10,104.44,83.24
11,103.31,81.71
12,103.56,82.01
13,103.13,81.76
14,103.66,82.66
15,105.47,83.88
16,102.74,83.0
17,100.66,81.72
18,98.53,80.55
19,97.48,80.16
20,102.4,83.0
21,103.8,82.73
22,103.45,83.13
23,103.41,83.46
24,103.68,82.81
25,104.66,82.72
26,107.7,84.03
27,108.92,84.74
28,110.58,85.18
29,112.35,86.07
30,114.59,87.85
31,114.95,87.4
32,116.39,88.62
33,119.37,89.92
34,120.48,91.01
35,121.11,91.58
36,121.57,91.31
37,119.84,90.09
38,121.02,92.12
39,122.91,94.14
40,124.47,95.68
41,124.94,96.72
42,128.39,98.32
43,127.18,99.65
44,127.77,100.99
45,129.58,100.89
46,134.43,105.38
47,134.93,106.5
48,135.32,105.83
49,135.23,106.22
50,137.62,108.35
51,137.88,110.02
52,136.45,110.14
53,138.86,111.24
54,135.27,108.27
55,135.89,109.24
56,139.18,110.05
57,139.32,110.9
58,139.13,108.22
59,140.95,111.77
60,143.22,112.06
61,142.48,111.96
62,147.94,115.71
63,148.34,117.79
64,148.3,120.02
65,146.93,118.73
66,148.66,121.46
67,150.27,122.81
68,146.32,119.73
69,145.12,118.47
70,146.54,118.94
71,148.42,120.17
72,147.83,120.03
73,148.93,121.75
74,148.01,121.0
75,145.13,121.35
76,148.44,123.13
77,147.52,121.14
78,148.04,121.75
79,153.04,124.99
80,151.4,121.06
81,154.76,123.23
82,151.17,121.51
83,147.68,123.84
84,150.3,126.15
85,150.06,123.37
86,149.93,121.44
87,151.42,119.74
88,149.51,120.21
89,153.34,121.01
90,149.97,120.27
91,152.04,120.3
92,150.6,118.73
93,148.07,116.59
94,150.99,119.06
95,155.8,121.67
96,155.64,120.45
97,155.51,118.86
98,151.52,117.61
99,154.94,120.51
100,158.19,122.65
101,156.65,121.98
102,155.93,120.29
103,152.12,116.51
104,152.26,116.82
105,151.33,118.05
106,151.89,119.1
107,154.82,119.79
108,150.4,118.36
109,149.0,119.19
110,149.9,120.96
111,151.77,119.56
112,153.56,119.8
113,151.97,118.47
114,153.87,120.62
115,156.36,120.04
116,155.13,116.59
117,155.05,117.3
118,153.43,116.79
119,154.11,118.39
120,152.37,116.53
121,150.77,117.78
122,153.39,119.12
123,154.06,119.68
124,154.69,119.83
125,154.07,118.05
126,152.74,119.34
127,154.12,120.24
128,153.78,120.19
129,154.75,120.0
130,155.36,120.68
131,153.77,118.92
132,151.62,116.55
133,153.79,115.03
134,153.33,114.15
135,152.06,113.65
136,154.78,115.22
137,154.61,114.48
138,154.47,115.51
139,153.71,113.85
140,150.95,111.21
141,147.95,110.94
142,148.89,111.23
143,152.3,112.33
144,154.17,114.26
145,150.75,110.76
146,148.8,110.82
147,151.84,111.1
148,154.38,112.03
149,153.63,111.08
150,153.03,108.82
151,150.89,106.46
152,152.15,109.36
153,158.54,112.26
154,154.6,109.91
155,152.58,111.14
156,154.04,111.13
157,156.35,112.95
158,152.7,110.56
159,152.3,110.43
160,152.76,110.34
161,153.34,110.05
162,151.43,110.81
163,152.4,111.85
164,148.91,109.93
165,150.89,109.58
166,153.53,110.55
167,154.61,111.01
168,155.27,112.73
169,154.48,114.15
170,152.83,112.29
171,154.61,112.06
172,153.9,112.78
173,156.85,112.34
174,158.2,115.19
175,161.19,116.5
176,159.9,115.56
177,157.3,113.99
178,157.01,113.74
179,159.95,115.03
180,156.62,114.61
181,154.25,112.95
182,154.1,112.54
183,151.93,111.21
184,157.06,113.21
185,156.9,114.46
186,158.81,116.37
187,161.02,115.27
188,159.1,114.51
189,160.44,116.73
190,161.74,117.17
191,161.99,117.11
192,162.75,118.34
193,162.09,117.1
194,160.17,117.47
195,163.41,120.36
196,165.67,122.59
197,165.83,123.55
198,163.38,122.08
199,161.75,122.17
200,160.5,121.44
201,161.63,123.75
202,159.87,121.7
203,161.99,121.55
204,163.25,121.58
205,163.15,119.37
206,165.06,119.82
207,163.0,121.32
208,164.91,126.63
209,166.08,126.88
210,166.51,129.21
211,166.61,129.92
212,168.07,129.59
213,168.56,129.27
214,165.58,128.86
215,167.4,130.02
216,165.29,126.33
217,166.66,127.0
218,162.62,124.83
219,159.07,122.95
220,159.57,123.72
221,160.25,124.36
222,157.67,122.54
223,156.62,121.75
224,157.41,122.99
225,161.43,122.09
226,162.56,122.51
227,168.27,126.73
228,164.27,125.19
229,163.15,125.9
230,160.73,124.53
231,160.57,124.38
232,159.33,121.48
233,160.59,123.43
234,160.58,122.23
235,161.23,123.33
236,160.97,123.24
237,164.53,123.83
238,163.32,120.89
239,161.77,119.25
240,159.6,117.37
241,164.06,119.49
242,163.94,122.12
243,163.96,120.07
244,165.11,119.6
245,169.34,120.31
246,168.03,117.79
247,168.45,116.85
248,168.45,116.47
249,167.07,116.96
250,169.58,118.32
