n,operation,seconds
1000,merge_sort,0.0014295000000856817
1000,sorted(),1.0300000212737359e-05
10000,merge_sort,0.026518999999098014
10000,sorted(),0.00010759999895526562
100000,merge_sort,0.2444271000003937
100000,sorted(),0.0012353000001894543
1000000,merge_sort,2.626494800000728
1000000,sorted(),0.02406139999948209
1000,binary_search,1.779999911377672e-05
1000,list.index,1.720000000204891e-05
10000,binary_search,4.600000465870835e-06
10000,list.index,9.899999895424116e-05
100000,binary_search,6.599999323952943e-06
100000,list.index,0.001061499999195803
1000000,binary_search,2.5600000299164094e-05
1000000,list.index,0.01605320000089705
1000,stack push+pop,0.00030839999999443535
1000,queue enqueue+dequeue,0.00027120000049762893
10000,stack push+pop,0.0024142000002029818
10000,queue enqueue+dequeue,0.0026090999999723863
100000,stack push+pop,0.037745100000392995
100000,queue enqueue+dequeue,0.02470750000065891
1000000,stack push+pop,0.2938393000003998
1000000,queue enqueue+dequeue,0.24614269999983662
